Sequence_ID	Sequence	Length	Charge	Sub_model_1_probability_score	Sub_model_2_probability_score	Sub_model_3_probability_score	Sub_model_4_probability_score	Sub_model_5_probability_score	Probability_score	AMPlify_log_scaled_score	Prediction	Attention
teAMP0001	QLPICGETCVLGGCYTPNCRCQYPICVR	28	1	0.9590846	0.9997985	0.9974333	0.9999997	0.9999993	0.99126303	20.5864	AMP	[0.036008194, 0.038388472, 0.03657915, 0.035885055, 0.035655133, 0.034025483, 0.0352036, 0.036650382, 0.036339097, 0.033039447, 0.03448479, 0.03362394, 0.036788072, 0.03634963, 0.03760664, 0.036071163, 0.036630254, 0.037123732, 0.036438487, 0.037116513, 0.037183404, 0.03626349, 0.03625975, 0.03621911, 0.03711439, 0.034217864, 0.031468067, 0.031266686]
